,ds,qid,q,reasons
0,dl19_bm25_bertscore_umbrela_0.3,1037798,who is robert gray,"['ambiguity due to multiple people named robert gray', 'verification complexity across sources', 'limited public information on robert gray', 'conflicting biographical details', 'need for contextual clues', 'lack of reliable sources']"
1,dl19_bm25_bertscore_umbrela_0.3,1106007,define visceral?,"['lack of reliable sources', 'conflicting biographical details', 'limited public information on robert gray', 'verification complexity across sources', 'need for contextual clues', 'ambiguity due to multiple people named robert gray']"
2,dl19_bm25_bertscore_umbrela_0.3,1110199,what is wifi vs bluetooth,"['lack of reliable sources', 'conflicting biographical details', 'limited public information on robert gray', 'verification complexity across sources', 'need for contextual clues', 'ambiguity due to multiple people named robert gray']"
3,dl19_bm25_bertscore_umbrela_0.3,1113437,what is physical description of spruce,"['lack of reliable sources', 'verification complexity across sources', 'need for contextual clues']"
4,dl19_bm25_bertscore_umbrela_0.3,1114646,what is famvir prescribed for,"['lack of reliable sources', 'verification complexity across sources', 'need for contextual clues']"
5,dl19_bm25_bertscore_umbrela_0.3,1115776,what is an aml surveillance analyst,"['lack of reliable sources', 'verification complexity across sources', 'need for contextual clues']"
6,dl19_bm25_bertscore_umbrela_0.3,1121709,what are the three percenters?,"['lack of reliable sources', 'verification complexity across sources', 'need for contextual clues']"
7,dl19_bm25_bertscore_umbrela_0.3,405717,is cdg airport in main paris,"['verification complexity across sources', 'need for contextual clues', 'lack of reliable sources']"
8,dl19_bm25_bertscore_umbrela_0.3,443396,lps laws definition,"['lack of reliable sources', 'verification complexity across sources', 'need for contextual clues']"
9,dl19_bm25_bertscore_umbrela_0.3,451602,medicare's definition of mechanical ventilation,"[""specificity of Medicare's definition vs. general medical terms"", 'differentiation from regulatory/medical definitions', ""ambiguity in Medicare's definition"", 'lack of reliable sources', 'verification complexity across sources', 'need for contextual clues']"
10,dl19_bm25_bertscore_umbrela_0.3,489204,right pelvic pain causes,"[""ambiguity in Medicare's definition"", 'lack of reliable sources', 'verification complexity across sources', 'differentiation from regulatory/medical definitions', 'need for contextual clues', ""specificity of Medicare's definition vs. general medical terms""]"
11,dl19_bm25_bertscore_umbrela_0.3,915593,what types of food can you cook sous vide,"[""ambiguity in Medicare's definition"", 'lack of reliable sources', 'verification complexity across sources', 'differentiation from regulatory/medical definitions', 'need for contextual clues', ""specificity of Medicare's definition vs. general medical terms""]"
12,dl19_bm25_bertscore_umbrela_0.3,962179,when was the salvation army founded,"[""ambiguity in Medicare's definition"", 'lack of reliable sources', 'verification complexity across sources', 'differentiation from regulatory/medical definitions', 'need for contextual clues', ""specificity of Medicare's definition vs. general medical terms""]"
13,dl19_bm25_bertscore_umbrela_0.3,87452,causes of military suicide,"['lack of reliable sources', 'verification complexity across sources', 'differentiation from regulatory/medical definitions', ""specificity of Medicare's definition vs. general medical terms"", ""ambiguity in Medicare's definition"", 'need for contextual clues']"
14,dl19_bm25_bertscore_umbrela_0.3,131843,definition of a sigmet,"['lack of reliable sources', 'verification complexity across sources', 'differentiation from regulatory/medical definitions', ""specificity of Medicare's definition vs. general medical terms"", ""ambiguity in Medicare's definition"", 'need for contextual clues']"
15,dl19_bm25_bertscore_umbrela_0.3,146187,difference between a mcdouble and a double cheeseburger,"['brand-specific terminology', 'ambiguity in term definitions', 'need for contextual clues', 'lack of standardized definitions', 'verification complexity']"
16,dl19_bm25_bertscore_umbrela_0.3,207786,how are some sharks warm blooded,"['ambiguity in term definitions', 'need for contextual clues', 'verification complexity']"
17,dl19_bm25_bertscore_umbrela_0.3,1112341,what is the daily life of thai people,"['ambiguity in term definitions', 'need for contextual clues', 'verification complexity', 'lack of specific data sources', 'cultural nuances', 'generalization challenges', 'timeliness of data', 'avoiding stereotypes', 'balancing perspectives', 'ensuring accuracy']"
18,dl19_bm25_bertscore_umbrela_0.3,1114819,what is durable medical equipment consist of,"['ambiguity in term definitions', 'need for contextual clues', 'verification complexity', 'lack of specific data sources', 'timeliness of data', 'ensuring accuracy']"
19,dl19_bm25_bertscore_umbrela_0.3,1133167,how is the weather in jamaica,"['timeliness of data', 'ensuring accuracy', 'verification complexity', 'lack of specific data sources']"
20,dl19_bm25_bertscore_umbrela_0.3,1063750,why did the us volunterilay enter ww1,"['ensuring accuracy', 'verification complexity', 'lack of specific data sources']"
21,dl19_bm25_bertscore_umbrela_0.3,19335,anthropological definition of environment,"['ensuring accuracy', 'verification complexity', 'divergent scholarly perspectives', 'subjective interpretation variability', 'lack of specific data sources']"
22,dl19_bm25_bertscore_umbrela_0.3,1117099,what is a active margin,"['ensuring accuracy', 'verification complexity', 'divergent scholarly perspectives', 'subjective interpretation variability', 'lack of specific data sources']"
23,dl19_bm25_bertscore_umbrela_0.3,156493,do goldfish grow,"['ensuring accuracy', 'verification complexity', 'divergent scholarly perspectives', 'subjective interpretation variability', 'lack of specific data sources']"
24,dl19_bm25_bertscore_umbrela_0.3,264014,how long is life cycle of flea,"['verification complexity', 'ensuring accuracy', 'divergent scholarly perspectives', 'lack of specific data sources', 'subjective interpretation variability']"
25,dl19_bm25_bertscore_umbrela_0.3,1124210,tracheids are part of _____.,"['ensuring accuracy', 'divergent scholarly perspectives', 'verification complexity', 'lack of specific data sources', 'subjective interpretation variability']"
26,dl19_bm25_bertscore_umbrela_0.3,183378,exons definition biology,"['ensuring accuracy', 'divergent scholarly perspectives', 'verification complexity', 'lack of specific data sources', 'subjective interpretation variability']"
27,dl19_bm25_bertscore_umbrela_0.3,168216,does legionella pneumophila cause pneumonia,"['ensuring accuracy', 'verification complexity', 'divergent scholarly perspectives']"
28,dl19_bm25_bertscore_umbrela_0.3,104861,cost of interior concrete flooring,"['verification complexity', 'ensuring accuracy', 'divergent scholarly perspectives']"
29,dl19_unicoil_bertscore_umbrela_0.3,1103812,who formed the commonwealth of independent states,"['ensuring accuracy', 'verification complexity', 'divergent scholarly perspectives']"
30,dl19_unicoil_bertscore_umbrela_0.3,527433,types of dysarthria from cerebral palsy,"['ensuring accuracy', 'verification complexity', 'divergent scholarly perspectives']"
31,dl19_distilbert-tas-b_bertscore_umbrela_0.3,47923,axon terminals or synaptic knob definition,"['ensuring accuracy', 'verification complexity', 'divergent scholarly perspectives']"
32,dl19_distilbert-tas-b_bertscore_umbrela_0.3,490595,rsa definition key,"['ensuring accuracy', 'verification complexity', 'divergent scholarly perspectives']"
33,dl19_distilbert-tas-b_bertscore_umbrela_0.3,573724,what are the social determinants of health,"['ensuring accuracy', 'verification complexity', 'divergent scholarly perspectives']"
34,dl20_bm25_bertscore_umbrela_0.3,1108651,what the best way to get clothes white,"['ensuring accuracy', 'verification complexity', 'method effectiveness variability', 'considering fabric types', 'safety considerations']"
35,dl20_bm25_bertscore_umbrela_0.3,1116380,what is a nonconformity? earth science,"['ensuring accuracy', 'verification complexity', 'method effectiveness variability', 'considering fabric types', 'safety considerations']"
36,dl20_bm25_bertscore_umbrela_0.3,1132532,average annual income data analyst,"['ensuring accuracy', 'verification complexity', 'method effectiveness variability']"
37,dl20_bm25_bertscore_umbrela_0.3,118440,define bmt medical,"['ensuring medical terminology accuracy', 'verifying medical definitions', 'varied methods for defining medical terms']"
38,dl20_bm25_bertscore_umbrela_0.3,156498,do google docs auto save,"['ensuring medical terminology accuracy', 'verifying medical definitions', 'varied methods for defining medical terms']"
39,dl20_bm25_bertscore_umbrela_0.3,23849,are naturalization records public information,"['jurisdictional variations', 'legal framework complexity', 'access procedures ambiguity', 'exceptional case variability', 'verification accuracy challenges']"
40,dl20_bm25_bertscore_umbrela_0.3,258062,how long does it take to remove wisdom tooth,"['procedure complexity variability', 'patient health factors', 'anesthesia administration time', 'extraction method differences', 'surgeon experience impact']"
41,dl20_bm25_bertscore_umbrela_0.3,324585,how much money do motivational speakers make,"['procedure complexity variability', 'patient health factors', 'anesthesia administration time', 'extraction method differences', 'surgeon experience impact']"
42,dl20_bm25_bertscore_umbrela_0.3,330975,how much would it cost to install my own wind turbine,"['location-specific cost variations', 'turbine size and type variability', 'site assessment requirements', 'labor and material cost fluctuations', 'permit and regulatory fees', 'grid connection complexity', 'installation expertise requirements', 'additional equipment needs', 'regional pricing differences', 'hidden cost factors']"
43,dl20_bm25_bertscore_umbrela_0.3,336901,how old is vanessa redgrave,"['location-specific cost variations', 'turbine size and type variability', 'site assessment requirements', 'labor and material cost fluctuations', 'permit and regulatory fees', 'grid connection complexity', 'installation expertise requirements', 'additional equipment needs', 'regional pricing differences', 'hidden cost factors']"
44,dl20_bm25_bertscore_umbrela_0.3,555530,what are best foods to lower cholesterol,"['location-specific cost variations', 'turbine size and type variability', 'site assessment requirements', 'labor and material cost fluctuations', 'permit and regulatory fees', 'grid connection complexity', 'installation expertise requirements', 'additional equipment needs', 'regional pricing differences', 'hidden cost factors']"
45,dl20_bm25_bertscore_umbrela_0.3,67316,can fever cause miscarriage early pregnancy,"['location-specific cost variations', 'turbine size and type variability', 'site assessment requirements', 'labor and material cost fluctuations', 'permit and regulatory fees', 'grid connection complexity', 'installation expertise requirements', 'additional equipment needs', 'regional pricing differences', 'hidden cost factors']"
46,dl20_bm25_bertscore_umbrela_0.3,673670,what is a alm,"['site assessment requirements', 'turbine size and type variability', 'location-specific cost variations', 'labor and material cost fluctuations', 'permit and regulatory fees', 'grid connection complexity', 'installation expertise requirements', 'regional pricing differences', 'hidden cost factors', 'additional equipment needs']"
47,dl20_bm25_bertscore_umbrela_0.3,911232,"what type of conflict does della face in o, henry the gift of the magi","['site assessment requirements', 'turbine size and type variability', 'location-specific cost variations', 'labor and material cost fluctuations', 'permit and regulatory fees', 'grid connection complexity', 'installation expertise requirements', 'regional pricing differences', 'hidden cost factors', 'additional equipment needs']"
48,dl20_bm25_bertscore_umbrela_0.3,940547,when did rock n roll begin?,"['site assessment requirements', 'turbine size and type variability', 'location-specific cost variations', 'labor and material cost fluctuations', 'permit and regulatory fees', 'grid connection complexity', 'installation expertise requirements', 'regional pricing differences', 'hidden cost factors', 'additional equipment needs']"
49,dl20_bm25_bertscore_umbrela_0.3,997622,where is the show shameless filmed,"['site assessment requirements', 'turbine size and type variability', 'location-specific cost variations', 'labor and material cost fluctuations', 'permit and regulatory fees', 'grid connection complexity', 'installation expertise requirements', 'regional pricing differences', 'hidden cost factors', 'additional equipment needs']"
50,dl20_bm25_bertscore_umbrela_0.3,135802,definition of laudable,"['site assessment requirements', 'turbine size and type variability', 'location-specific cost variations', 'labor and material cost fluctuations', 'permit and regulatory fees', 'grid connection complexity', 'installation expertise requirements', 'regional pricing differences', 'hidden cost factors', 'additional equipment needs']"
51,dl20_bm25_bertscore_umbrela_0.3,174463,dog day afternoon meaning,"['site assessment requirements', 'turbine size and type variability', 'location-specific cost variations', 'labor and material cost fluctuations', 'permit and regulatory fees', 'grid connection complexity', 'installation expertise requirements', 'regional pricing differences', 'hidden cost factors', 'additional equipment needs']"
52,dl20_bm25_bertscore_umbrela_0.3,390360,ia suffix meaning,"['hidden cost factors', 'location-specific cost variations', 'labor and material cost fluctuations', 'turbine size and type variability', 'permit and regulatory fees', 'grid connection complexity', 'installation expertise requirements', 'regional pricing differences', 'additional equipment needs', 'site assessment requirements']"
53,dl20_bm25_bertscore_umbrela_0.3,405163,is caffeine an narcotic,"['hidden cost factors', 'location-specific cost variations', 'labor and material cost fluctuations', 'turbine size and type variability', 'permit and regulatory fees', 'grid connection complexity', 'installation expertise requirements', 'regional pricing differences', 'additional equipment needs', 'site assessment requirements']"
54,dl20_bm25_bertscore_umbrela_0.3,768208,what is mamey,"['hidden cost factors', 'location-specific cost variations', 'labor and material cost fluctuations', 'turbine size and type variability', 'permit and regulatory fees', 'grid connection complexity', 'installation expertise requirements', 'regional pricing differences', 'additional equipment needs', 'site assessment requirements']"
55,dl20_bm25_bertscore_umbrela_0.3,1030303,who is aziz hashim,"['limited public information on Aziz Hashim', 'ambiguity in identifying the correct individual', 'difficulty verifying credible sources']"
56,dl20_bm25_bertscore_umbrela_0.3,1037496,who is rep scalise?,"['ambiguity in identifying the correct individual', 'limited public information on Rep. Scalise', 'difficulty verifying credible sources']"
57,dl20_bm25_bertscore_umbrela_0.3,1051399,who sings monk theme song,"['ambiguity in identifying the correct individual', 'difficulty verifying credible sources', 'limited public information on Rep. Scalise']"
58,dl20_bm25_bertscore_umbrela_0.3,1105792,define: geon,"['ambiguity in identifying the correct individual', 'difficulty verifying credible sources', 'limited public information on Rep. Scalise']"
59,dl20_bm25_bertscore_umbrela_0.3,1106979,define pareto chart in statistics,"[""ambiguity in defining Pareto chart's statistical context"", 'difficulty ensuring statistical accuracy in definition', 'confusion with Pareto principle vs. chart type', 'need to explain both visual and statistical aspects', 'variability in application examples']"
60,dl20_bm25_bertscore_umbrela_0.3,1110678,what is the un fao,"[""ambiguity in defining Pareto chart's statistical context"", 'difficulty ensuring statistical accuracy in definition', 'confusion with Pareto principle vs. chart type', 'need to explain both visual and statistical aspects', 'variability in application examples']"
61,dl20_bm25_bertscore_umbrela_0.3,1115210,what is chaff and flare,"[""ambiguity in defining Pareto chart's statistical context"", 'difficulty ensuring statistical accuracy in definition', 'confusion with Pareto principle vs. chart type', 'need to explain both visual and statistical aspects', 'variability in application examples']"
62,dl20_bm25_bertscore_umbrela_0.3,1121353,what can you do about discrimination in the workplace in oklahoma city,"[""ambiguity in defining Pareto chart's statistical context"", 'difficulty ensuring statistical accuracy in definition', 'confusion with Pareto principle vs. chart type', 'need to explain both visual and statistical aspects', 'variability in application examples']"
63,dl20_bm25_bertscore_umbrela_0.3,1127540,meaning of shebang,"[""ambiguity in defining Pareto chart's statistical context"", 'difficulty ensuring statistical accuracy in definition', 'confusion with Pareto principle vs. chart type', 'need to explain both visual and statistical aspects', 'variability in application examples']"
64,dl20_bm25_bertscore_umbrela_0.3,1136043,difference between a hotel and motel,"[""ambiguity in defining Pareto chart's statistical context"", 'difficulty ensuring statistical accuracy in definition', 'confusion with Pareto principle vs. chart type', 'need to explain both visual and statistical aspects', 'variability in application examples']"
65,dl20_bm25_bertscore_umbrela_0.3,914916,what type of tissue are bronchioles,"[""ambiguity in defining Pareto chart's statistical context"", 'difficulty ensuring statistical accuracy in definition', 'confusion with Pareto principle vs. chart type', 'need to explain both visual and statistical aspects', 'variability in application examples']"
66,dl20_bm25_bertscore_umbrela_0.3,583468,what carvedilol used for,"[""ambiguity in defining Pareto chart's statistical context"", 'difficulty ensuring statistical accuracy in definition', 'confusion with Pareto principle vs. chart type', 'need to explain both visual and statistical aspects', 'variability in application examples']"
67,dl20_bm25_bertscore_umbrela_0.3,1109707,what medium do radio waves travel through,"[""ambiguity in defining Pareto chart's statistical context"", 'difficulty ensuring statistical accuracy in definition', 'confusion with Pareto principle vs. chart type', 'need to explain both visual and statistical aspects', 'variability in application examples']"
68,dl20_bm25_bertscore_umbrela_0.3,121171,define etruscans,"[""ambiguity in defining Pareto chart's statistical context"", 'difficulty ensuring statistical accuracy in definition', 'confusion with Pareto principle vs. chart type', 'need to explain both visual and statistical aspects', 'variability in application examples']"
69,dl20_bm25_bertscore_umbrela_0.3,640502,what does it mean if your tsh is low,"[""ambiguity in defining Pareto chart's statistical context"", 'difficulty ensuring statistical accuracy in definition', 'confusion with Pareto principle vs. chart type', 'need to explain both visual and statistical aspects', 'variability in application examples']"
70,dl20_unicoil_bertscore_umbrela_0.3,1071750,why is pete rose banned from hall of fame,"[""ambiguity in Pete Rose's ban reasons"", 'difficulty verifying historical accuracy', 'confusion over Hall of Fame rules', 'need to explain legal vs. ethical grounds', 'variability in public perception']"
71,dl20_unicoil_bertscore_umbrela_0.3,1133579,how does granulation tissue start,"[""ambiguity in Pete Rose's ban reasons"", 'difficulty verifying historical accuracy', 'confusion over Hall of Fame rules', 'need to explain legal vs. ethical grounds', 'variability in public perception']"
72,dl20_unicoil_bertscore_umbrela_0.3,1136047,difference between a company's strategy and business model is,"[""ambiguity in Pete Rose's ban reasons"", 'difficulty verifying historical accuracy', 'confusion over Hall of Fame rules', 'need to explain legal vs. ethical grounds', 'variability in public perception']"
73,dl20_unicoil_bertscore_umbrela_0.3,169208,does mississippi have an income tax,"[""ambiguity in Pete Rose's ban reasons"", 'difficulty verifying historical accuracy', 'confusion over Hall of Fame rules', 'need to explain legal vs. ethical grounds', 'variability in public perception']"
74,dl20_unicoil_bertscore_umbrela_0.3,877809,what metal are hip replacements made of,"[""ambiguity in Pete Rose's ban reasons"", 'difficulty verifying historical accuracy', 'confusion over Hall of Fame rules', 'need to explain legal vs. ethical grounds', 'variability in public perception']"
75,dl20_distilbert-tas-b_bertscore_umbrela_0.3,730539,what is chronometer who invented it,"[""ambiguity in Pete Rose's ban reasons"", 'difficulty verifying historical accuracy', 'confusion over Hall of Fame rules', 'need to explain legal vs. ethical grounds', 'variability in public perception']"
76,dl20_bm25_binary_umbrela_0.3,1131069,how many sons robert kraft has,"['difficulty verifying current family information', 'lack of public records', 'potential for outdated information', 'need to confirm sources', 'confusion with other family members']"
77,dl21_bm25_bertscore_umbrela_0.3,1006728,which cerebral lobe of the brain is involved in our ability to see?,"['difficulty verifying current family information', 'lack of public records', 'potential for outdated information', 'need to confirm sources', 'confusion with other family members']"
78,dl21_bm25_bertscore_umbrela_0.3,1107704,what was the main benefit of a single european currency?,"['lack of public records', 'need to confirm sources', 'potential for outdated information', 'confusion with other family members', 'difficulty verifying current family information']"
79,dl21_bm25_bertscore_umbrela_0.3,1129560,accounting definition of building improvements,"['lack of public records', 'need to confirm sources', 'potential for outdated information']"
80,dl21_bm25_bertscore_umbrela_0.3,300025,how many whales are caught in fishing nets off california,"['lack of public records', 'need to confirm sources', 'potential for outdated information']"
81,dl21_bm25_bertscore_umbrela_0.3,30611,average age of men at marriage,"['potential for outdated information', 'need to confirm sources', 'lack of public records']"
82,dl21_bm25_bertscore_umbrela_0.3,337656,how old was the elephant man when he died,"['need to confirm sources', 'lack of public records', 'potential for outdated information']"
83,dl21_bm25_bertscore_umbrela_0.3,596569,what classes do i need to take to go to vet school,"['varied institutional requirements', 'need to confirm sources', 'potential for outdated information']"
84,dl21_bm25_bertscore_umbrela_0.3,629937,what does a popped blood vessel in hand feel like,"['need for medical expertise', 'subjective sensory description', 'reliable source verification', 'up-to-date clinical info', 'variability in symptom presentation']"
85,dl21_bm25_bertscore_umbrela_0.3,647362,what does s/p mean medical,"['need for medical expertise', 'abbreviation ambiguity', 'context-dependent meaning', 'reliable source verification', 'up-to-date clinical info', 'potential for misinterpretation']"
86,dl21_bm25_bertscore_umbrela_0.3,661905,what foods should you stay away from if you have asthma,"['need for medical expertise', 'up-to-date clinical info', 'reliable source verification', 'potential for misinterpretation', 'context-dependent meaning', 'abbreviation ambiguity']"
87,dl21_bm25_bertscore_umbrela_0.3,845121,what is the sacraments of service in the catholic church,"['abbreviation ambiguity', 'context-dependent meaning', 'potential for misinterpretation', 'reliable source verification', 'need for theological expertise']"
88,dl21_bm25_bertscore_umbrela_0.3,935353,when and where did the battle of manassas take place,"['reliable source verification', 'historical event specificity', 'geographical location ambiguity']"
89,dl21_bm25_bertscore_umbrela_0.3,935964,when are whales most active for whale watching in massachusetts,"['reliable source verification', 'seasonal variability', 'regional differences within massachusetts']"
90,dl21_bm25_bertscore_umbrela_0.3,952284,when is the best time to fish with a crawfish color bait,"['reliable source verification', 'seasonal variability', 'regional differences within massachusetts']"
91,dl21_bm25_bertscore_umbrela_0.3,975079,where does the welsh language originate from,['reliable source verification']
92,dl21_bm25_bertscore_umbrela_0.3,112700,crest syndrome esophageal dysfunction,"['reliable source verification', 'specific medical terminology', 'complex pathophysiology', 'need for specialized knowledge', 'rarity of condition', 'limited recent research', 'potential for conflicting information', 'distinguishing from other syndromes', 'variability in symptom presentation', 'interdisciplinary nature']"
93,dl21_bm25_bertscore_umbrela_0.3,190623,for what is david w. taylor known,"['reliable source verification', 'need for specialized knowledge', 'potential for conflicting information', 'interdisciplinary nature', 'limited recent research']"
94,dl21_bm25_bertscore_umbrela_0.3,226975,how does my baby get submitted for medicaid after birth,"['need for specialized knowledge', 'potential for conflicting information', 'interdisciplinary nature', 'reliable source verification']"
95,dl21_bm25_bertscore_umbrela_0.3,421946,is pulse ox screening for children law?,"['need for specialized knowledge', 'potential for conflicting information', 'interdisciplinary nature', 'reliable source verification']"
96,dl21_bm25_bertscore_umbrela_0.3,493490,schizandra berry benefits,"['reliable source verification', 'potential for conflicting information', 'need for specialized knowledge', 'interdisciplinary nature']"
97,dl21_bm25_bertscore_umbrela_0.3,505390,supartz injections what does it made of,"['reliable source verification', 'potential for conflicting information', 'need for specialized knowledge', 'interdisciplinary nature']"
98,dl21_bm25_bertscore_umbrela_0.3,540006,was friedrich nietzsche an atheist,"['reliable source verification', 'potential for conflicting information', 'need for specialized knowledge', 'philosophical interpretation complexity']"
99,dl21_bm25_bertscore_umbrela_0.3,688007,what is a kanima,"['reliable source verification', 'potential for conflicting information', 'need for specialized knowledge', 'philosophical interpretation complexity']"
100,dl21_bm25_bertscore_umbrela_0.3,707882,what is acumen fuse,"['reliable source verification', 'potential for conflicting information', 'need for specialized knowledge', 'philosophical interpretation complexity']"
101,dl21_bm25_bertscore_umbrela_0.3,764738,what is lbm in body composition,"['reliable source verification', 'potential for conflicting information', 'need for specialized knowledge']"
102,dl21_bm25_bertscore_umbrela_0.3,806694,what is the average pay scale in massachusetts for a sonographer,"['reliable source verification', 'potential for conflicting information', 'need for specialized knowledge']"
103,dl21_bm25_bertscore_umbrela_0.3,832573,what is the methylmalon a. c test,"['need for specialized knowledge', 'potential for conflicting information', 'reliable source verification']"
104,dl21_bm25_bertscore_umbrela_0.3,2082,At about what age do adults normally begin to lose bone mass?,"['need for specialized knowledge', 'reliable source verification', 'potential for conflicting information']"
105,dl21_bm25_bertscore_umbrela_0.3,952262,when is the best time to do a home pregnancy urine test,"['need for specialized knowledge', 'reliable source verification', 'potential for conflicting information']"
106,dl21_bm25_bertscore_umbrela_0.3,168329,does light intensity or concentration of carbon dioxide have a higher rate of photosynthesis,"['comparative analysis required', 'biological process understanding', 'context-dependent variables', 'experimental data interpretation', 'source credibility assessment', 'conflicting scientific consensus', 'direct vs indirect effects differentiation', 'interacting variables complexity']"
107,dl21_bm25_bertscore_umbrela_0.3,395948,information about who howard gardner and what does he do,"['source credibility assessment', 'conflicting information', 'distinguishing from other psychologists', 'verifying current vs past contributions', 'differentiating academic roles', 'interpreting theories in various contexts']"
108,dl21_bm25_bertscore_umbrela_0.3,1104447,which kind of continental boundary is formed where two plates move horizontally past one another?,"['source credibility assessment', 'conflicting information', 'distinguishing from other psychologists', 'verifying current vs past contributions', 'differentiating academic roles', 'interpreting theories in various contexts']"
109,dl21_bm25_bertscore_umbrela_0.3,364210,how to help a jammed finger,"['medical expertise required', 'varying injury severity', 'risk of misinformation', 'need for professional consultation', 'differentiating minor vs serious cases', 'conflicting home remedies', 'ensuring accurate first-aid steps', 'avoiding harmful advice', 'cultural treatment variations', 'legal/ethical considerations']"
110,dl21_bm25_bertscore_umbrela_0.3,1110996,what is the role of t tubules,"['medical expertise required', 'risk of misinformation', 'need for professional consultation', 'avoiding harmful advice', 'ensuring accurate first-aid steps', 'legal/ethical considerations']"
111,dl21_bm25_bertscore_umbrela_0.3,1117243,what helps u nails grow,"['risk of misinformation', 'avoiding harmful advice', 'need for professional consultation', 'medical expertise required', 'legal/ethical considerations']"
112,dl21_bm25_bertscore_umbrela_0.3,1118716,what does karl marx say about the nature of man,"['risk of misinformation', 'need for accurate historical context', 'potential for ideological bias in interpretations']"
113,dl21_unicoil_bertscore_umbrela_0.3,23287,are landlords liable if someone breaks in a hurts tenant,"['risk of misinformation', 'need for accurate historical context', 'potential for ideological bias in interpretations']"
114,dl21_unicoil_bertscore_umbrela_0.3,253263,how long does it take for a sprained wrist to heal,"['risk of misinformation', 'need for accurate historical context', 'potential for ideological bias in interpretations']"
115,dl21_unicoil_bertscore_umbrela_0.3,681645,what is a divorce bench trial,"['risk of misinformation', 'need for accurate historical context', 'potential for ideological bias in interpretations']"
116,dl21_distilbert-tas-b_bertscore_umbrela_0.3,300986,how many years in jail for money laundering,"['risk of misinformation', 'need for accurate jurisdictional data', 'potential for ideological bias in interpretations']"
117,dl21_distilbert-tas-b_bertscore_umbrela_0.3,818583,what is the difference between the range rover and the range rover sport,"['risk of misinformation', 'need to distinguish similar models', 'requirement for technical accuracy']"
118,dl22_bm25_bertscore_umbrela_0.3,2001908,how do I replace the burners on a ducane grill,"['requirement for technical accuracy', 'need to distinguish similar models', 'risk of misinformation']"
119,dl22_bm25_bertscore_umbrela_0.3,2002146,how do you root a yucca plant,"['requirement for technical accuracy', 'need to distinguish similar models', 'risk of misinformation']"
120,dl22_bm25_bertscore_umbrela_0.3,2005810,what are the entities of the executive branch,"['requirement for technical accuracy', 'risk of misinformation', 'complex hierarchical structure', 'potential overlap with other branches']"
121,dl22_bm25_bertscore_umbrela_0.3,2005861,what are the three countries in 1984,"['ambiguity of query context (year vs. novel)', 'requirement for technical accuracy', 'risk of misinformation', 'potential confusion between fictional and real entities']"
122,dl22_bm25_bertscore_umbrela_0.3,2007419,what is cold bridging,"['requirement for technical accuracy', 'risk of misinformation', 'potential confusion between fictional and real entities']"
123,dl22_bm25_bertscore_umbrela_0.3,2009553,why are the cotswolds so named,"['requirement for technical accuracy', 'risk of misinformation', 'potential confusion between fictional and real entities']"
124,dl22_bm25_bertscore_umbrela_0.3,2009871,why was the massachusetts bay colony founded,"['requirement for technical accuracy', 'risk of misinformation', 'potential confusion between fictional and real entities']"
125,dl22_bm25_bertscore_umbrela_0.3,2026558,what do you call someone who writes biographies?,"['requirement for technical accuracy', 'risk of misinformation', 'potential confusion between fictional and real entities']"
126,dl22_bm25_bertscore_umbrela_0.3,2029260,what is wrong with amazon prime,"['requirement for technical accuracy', 'risk of misinformation', 'subjective vs factual information', 'complexity of balancing multiple aspects', 'varying user experiences', 'need for up-to-date information', 'potential bias from user reviews', 'distinguishing common complaints from specific issues']"
127,dl22_bm25_bertscore_umbrela_0.3,2032956,how much was the saturn v,"['requirement for technical accuracy', 'risk of misinformation', 'complexity of balancing multiple aspects', 'need for up-to-date information']"
128,dl22_bm25_bertscore_umbrela_0.3,2033470,cities near weeki wachee springs,"['requirement for technical accuracy', 'risk of misinformation', 'complexity of balancing multiple aspects', 'need for up-to-date information']"
129,dl22_bm25_bertscore_umbrela_0.3,2036968,what to do if antibiotics cause nausea,"['requirement for technical accuracy', 'risk of misinformation', 'complexity of balancing multiple aspects', 'need for up-to-date information']"
130,dl22_bm25_bertscore_umbrela_0.3,2037609,define unstop,"['requirement for technical accuracy', 'risk of misinformation', 'need for up-to-date information', 'complexity of balancing multiple aspects']"
131,dl22_bm25_bertscore_umbrela_0.3,2037924,what can you do with heart of palm,"['requirement for technical accuracy', 'risk of misinformation', 'need for up-to-date information', 'complexity of balancing multiple aspects']"
132,dl22_bm25_bertscore_umbrela_0.3,2039908,what is the name of a baby nurse,"['risk of misinformation', 'requirement for technical accuracy', 'need for up-to-date information']"
133,dl22_bm25_bertscore_umbrela_0.3,2040287,definition of now,"['requirement for technical accuracy', 'need for up-to-date information', 'risk of misinformation']"
134,dl22_bm25_bertscore_umbrela_0.3,2049687,what vaccination should u give show piglets,"['requirement for technical accuracy', 'need for up-to-date information', 'risk of misinformation']"
135,dl22_bm25_bertscore_umbrela_0.3,2054355,what does chicken by-product meal add to pet food?,"['requirement for technical accuracy', 'need for up-to-date information', 'risk of misinformation']"
136,dl22_bm25_bertscore_umbrela_0.3,2056323,how does magic leap optics work,"['technical accuracy required', 'up-to-date information needed', 'risk of misinformation']"
137,dl22_bm25_bertscore_umbrela_0.3,2002798,how to age steak,"['technical accuracy required', 'risk of misinformation', 'up-to-date information needed']"
138,dl22_bm25_bertscore_umbrela_0.3,2003157,how to cook frozen ham steak on nuwave oven,"['technical accuracy required', 'risk of misinformation', 'up-to-date information needed']"
139,dl22_bm25_bertscore_umbrela_0.3,2003322,how to dilute ceftriaxone vial,"['technical accuracy required', 'risk of misinformation', 'up-to-date information needed']"
140,dl22_bm25_bertscore_umbrela_0.3,2004253,how to trim blank space in excel,"['technical accuracy required', 'up-to-date information needed', 'risk of misinformation']"
141,dl22_bm25_bertscore_umbrela_0.3,2012431,ebola how can it be prevented,"['technical accuracy required', 'up-to-date information needed', 'risk of misinformation']"
142,dl22_bm25_bertscore_umbrela_0.3,2013306,who is gehan homes,"['ambiguous entity reference', 'technical accuracy required', 'up-to-date information needed', 'risk of misinformation']"
143,dl22_bm25_bertscore_umbrela_0.3,2016333,how to make ground beef empanadas,"['technical accuracy required', 'risk of misinformation', 'up-to-date information needed']"
144,dl22_bm25_bertscore_umbrela_0.3,2025747,code for history of suicidal statements,"['technical accuracy required', 'up-to-date information needed', 'risk of misinformation']"
145,dl22_bm25_bertscore_umbrela_0.3,2031726,yeast infection md,"['technical accuracy required', 'up-to-date information needed', 'risk of misinformation']"
146,dl22_bm25_bertscore_umbrela_0.3,2033232,people who have fled the us because trump,"['technical accuracy required', 'up-to-date information needed', 'risk of misinformation']"
147,dl22_bm25_bertscore_umbrela_0.3,2035447,how much money do i need in bangkok,"['technical accuracy required', 'up-to-date information needed', 'risk of misinformation', 'currency exchange fluctuations', 'varied spending patterns', 'tourist vs. resident spending differences', 'multiple currency considerations', 'dynamic economic conditions', 'regional cost variations']"
148,dl22_bm25_bertscore_umbrela_0.3,2035565,what does duped mean,"['technical accuracy required', 'up-to-date information needed', 'risk of misinformation']"
149,dl22_bm25_bertscore_umbrela_0.3,2038890,syracuse law school ranking,"['technical accuracy required', 'up-to-date information needed', 'risk of misinformation']"
150,dl22_bm25_bertscore_umbrela_0.3,2040613,what does london breed stand for,"['technical accuracy required', 'up-to-date information needed', 'risk of misinformation']"
151,dl22_bm25_bertscore_umbrela_0.3,2049417,what is peace in french?,"['technical accuracy required', 'risk of misinformation', 'up-to-date information needed']"
152,dl22_bm25_bertscore_umbrela_0.3,2034205,how much magnolia bark to take for anxiety,"['technical accuracy required', 'up-to-date information needed', 'risk of misinformation', 'dosage variability based on individual factors', 'safety concerns for specific populations', 'potential drug interactions', 'species-specific efficacy differences']"
153,dl22_bm25_bertscore_umbrela_0.3,2046371,functions of three regions of sm intestine,"['technical accuracy required', 'up-to-date information needed', 'risk of misinformation']"
154,dl22_bm25_bertscore_umbrela_0.3,2008871,what phylum includes the ascaris and the pinworm,"['technical accuracy required', 'risk of misinformation', 'up-to-date information needed']"
155,dl22_bm25_bertscore_umbrela_0.3,2032949,what is the outside of a shape,"['technical accuracy required', 'risk of misinformation', 'up-to-date information needed']"
156,dl22_bm25_bertscore_umbrela_0.3,2035009,who sang the song maybe,"['technical accuracy required', 'risk of misinformation', 'up-to-date information needed']"
157,dl22_bm25_bertscore_umbrela_0.3,2045272,what hazards come with making paint,"['technical accuracy required', 'risk of misinformation', 'up-to-date information needed']"
158,dl22_bm25_bertscore_umbrela_0.3,2028378,when is trial by jury used,"['technical accuracy required', 'risk of misinformation', 'up-to-date information needed']"
159,dl22_bm25_bertscore_umbrela_0.3,2056158,what phone to use in europe,"['up-to-date information needed', 'technical accuracy required', 'risk of misinformation']"
160,dl22_bm25_bertscore_umbrela_0.3,2002533,how much average cost to plan a 8' tree?,"['up-to-date information needed', 'technical accuracy required', 'risk of misinformation']"
161,dl22_bm25_bertscore_umbrela_0.3,2027497,how often should you take your toddler to the potty when potty training,"['technical accuracy required', 'up-to-date information needed', 'risk of misinformation']"
162,dl22_bm25_bertscore_umbrela_0.3,2055795,collins the good to great,"['technical accuracy required', 'up-to-date information needed', 'risk of misinformation']"
163,dl22_bm25_bertscore_umbrela_0.3,2012536,how to cook pork tenderloin steaks in oven,"['technical accuracy required', 'up-to-date information needed', 'risk of misinformation']"
164,dl22_unicoil_bertscore_umbrela_0.3,2006211,what does auslan interpreted performance mean,"['technical accuracy required', 'up-to-date information needed', 'risk of misinformation']"
165,dl22_unicoil_bertscore_umbrela_0.3,2006627,what is 311 for,"['technical accuracy required', 'up-to-date information needed', 'risk of misinformation']"
166,dl22_unicoil_bertscore_umbrela_0.3,2027130,home child care definition,"['technical accuracy required', 'up-to-date information needed', 'risk of misinformation']"
167,dl22_unicoil_bertscore_umbrela_0.3,2037251,how many people watch nba basketball,"['up-to-date information needed', 'technical accuracy required', 'risk of misinformation']"
168,dl22_distilbert-tas-b_bertscore_umbrela_0.3,2006394,what does septrin heal?,"['technical accuracy required', 'up-to-date information needed', 'risk of misinformation']"
169,dl22_distilbert-tas-b_bertscore_umbrela_0.3,2036182,number of instagram post about unicorn frappuccino,"['up-to-date information needed', 'technical accuracy required', 'risk of misinformation']"
170,dl22_distilbert-tas-b_bertscore_umbrela_0.3,2055480,how many incidents of corneal abrasion,"['up-to-date information needed', 'technical accuracy required', 'risk of misinformation']"
